query	impressions	position
remodeler	668	9.0
bathroom remodeling	639	22.7
design build vs general contractor	471	19.6
bathroom remodeler	455	17.6
composite decking vs wood cost	380	19.1
basement remodel carmel	312	20.8
bathroom remodel	297	9.6
bathroom remodeling noblesville in	284	14.2
bathroom remodeling near me	270	11.1
shower installation carmel	257	23.2
bathroom remodeling fishers in	248	22.5
home improvement franchise opportunities westfield	231	14.3
kitchen remodeler	226	14.4
concrete patio installation fishers	223	10.7
kitchen remodeling zionsville in	210	19.0
hamilton basement finishing	207	17.4
bathroom remodel hamilton cost	182	24.4
basement finishing cost calculator	174	12.1
home remodeling westfield in	173	11.2
bathroom remodel fishers	172	19.0
composite vs wood decking price	165	18.7
whole home remodel westfield	150	20.8
stamped concrete fishers	149	13.8
basement remodel fishers	148	11.2
basement finishing fishers	140	9.8
basement contractor fishers	138	-
home remodeling carmel in	136	21.3
storm damage repair fishers	133	13.2
bathroom remodel fishers in	128	21.7
basement handyman	123	20.7
flooded bathroom	120	21.6
cement board vs schluter	115	8.6
bathroom remodeling zionsville in	114	14.2
schluter vs cement board	110	8.0
bathroom remodeling noblesville	110	13.6
basement remodeling estimates kingsport tn	107	14.9
kitchen remodeling hamilton county indiana	106	8.9
basement remodeling fishers	103	8.5
composite deck vs wood cost	103	19.6
basement remodeling hamilton county indiana	102	19.1
basement renovation hamilton	101	13.2
entertainment basement remodel fishers	100	14.3
home improvement services	98	8.6
basement finishing westfield in	95	8.7
interior remodeling westfield	95	8.9
kitchen remodeling fishers in	95	12.9
residential remodeling fishers	95	13.6
storm damage cleanup hamilton	95	23.4
basement renovation fishers	93	8.5
finished basement fishers	93	16.3
tile repair carmel in	86	14.5
cost of wood deck vs composite	85	22.0
