Top pages,Clicks,Impressions,CTR,Position
https://www.thehomestarservice.com/,98,6481,1.51%,19.82
https://www.thehomestarservice.com/blog/schluter-vs-cement-board-waterproofing,3,1240,0.24%,12.3
https://www.thehomestarservice.com/blog/bathroom-remodel-cost-hamilton-county,1,7623,0.01%,8.65
https://www.thehomestarservice.com/home-remodeling-carmel-in,1,3624,0.03%,25.71
https://www.thehomestarservice.com/home-remodeling-noblesville-in,1,1376,0.07%,19.02
https://www.thehomestarservice.com/blog/bathroom-remodel-timeline-week-by-week,1,769,0.13%,12.14
https://www.thehomestarservice.com/projects/bathroom-renovation-fishers,1,700,0.14%,22.97
https://www.thehomestarservice.com/projects/jack-and-jill-zionsville,1,465,0.22%,37.79
https://www.thehomestarservice.com/bathroom-remodeling,1,259,0.39%,29.71
https://www.thehomestarservice.com/blog/lvp-vs-hardwood-flooring,1,147,0.68%,60.54
https://www.thehomestarservice.com/projects/basement-finish-westfield,1,122,0.82%,22.44
https://www.thehomestarservice.com/request-estimate/,1,105,0.95%,10.96
https://www.thehomestarservice.com/remodeling-hamilton-proper-fishers-in,1,42,2.38%,11.07
https://www.thehomestarservice.com/guide/bathroom-remodeling-hamilton-county,0,2649,0%,10.15
https://www.thehomestarservice.com/home-remodeling-fishers-in,0,2042,0%,23.43
https://www.thehomestarservice.com/blog/composite-vs-wood-decking,0,1905,0%,20.01
https://www.thehomestarservice.com/home-remodeling-zionsville-in,0,1682,0%,26.49
https://www.thehomestarservice.com/projects/double-shower-carmel,0,1210,0%,40.31
https://www.thehomestarservice.com/home-remodeling-westfield-in,0,1131,0%,25.12
https://www.thehomestarservice.com/blog/storm-damage-repair-hamilton-county,0,742,0%,31.41
https://www.thehomestarservice.com/basement-finishing,0,729,0%,39.78
https://www.thehomestarservice.com/projects/stamped-concrete-fishers,0,679,0%,21.81
https://www.thehomestarservice.com/blog/signs-bathroom-needs-remodel,0,650,0%,39.65
https://www.thehomestarservice.com/projects/floor-to-ceiling-tile-noblesville,0,622,0%,25.04
https://www.thehomestarservice.com/kitchen-remodeling-westfield-in,0,540,0%,24.11
https://www.thehomestarservice.com/home-remodeling-mccordsville-in,0,539,0%,21.11
https://www.thehomestarservice.com/projects/basement-finish-fishers,0,524,0%,18.17
https://www.thehomestarservice.com/home-remodeling-fortville-in,0,415,0%,24.06
https://www.thehomestarservice.com/blog/bathroom-flooded-what-to-do,0,375,0%,24.66
https://www.thehomestarservice.com/decks-outdoor-living,0,372,0%,27.73
https://www.thehomestarservice.com/projects/double-shower-fishers,0,372,0%,36.08
https://www.thehomestarservice.com/blog/how-to-choose-remodeling-contractor-indiana,0,364,0%,37.22
https://www.thehomestarservice.com/projects/green-tile-bathroom-carmel,0,322,0%,40.99
https://www.thehomestarservice.com/bathroom-remodeling-carmel-in,0,293,0%,24.19
https://www.thehomestarservice.com/bathroom-remodeling-westfield-in,0,266,0%,26.8
https://www.thehomestarservice.com/projects/composite-deck-fishers,0,255,0%,22.62
https://www.thehomestarservice.com/tools/basement-cost-calculator,0,247,0%,33.15
https://www.thehomestarservice.com/blog/kitchen-water-damage-insurance-guide,0,243,0%,29.98
https://www.thehomestarservice.com/projects/stamped-concrete-noblesville,0,223,0%,30.82
https://www.thehomestarservice.com/basement-finishing-zionsville-in,0,216,0%,26.18
https://www.thehomestarservice.com/kitchen-remodeling,0,200,0%,28.89
https://www.thehomestarservice.com/basement-finishing-fishers-in,0,179,0%,23.83
https://www.thehomestarservice.com/bathroom-remodeling-laurelwood-carmel-in,0,171,0%,38.61
https://www.thehomestarservice.com/guide/basement-finishing-hamilton-county,0,170,0%,23.88
https://www.thehomestarservice.com/basement-finishing-carmel-in,0,162,0%,26.24
https://www.thehomestarservice.com/kitchen-remodeling-zionsville-in,0,159,0%,21.13
https://www.thehomestarservice.com/projects/spa-retreat-bathroom-fishers,0,151,0%,72.46
https://www.thehomestarservice.com/kitchen-remodeling-laurel-lakes-carmel-in,0,137,0%,49.23
https://www.thehomestarservice.com/home-remodeling-geist-in,0,130,0%,32.67
https://www.thehomestarservice.com/projects/modern-farmhouse-bathroom-fishers,0,124,0%,63.95
https://www.thehomestarservice.com/flooring-services,0,123,0%,40.26
https://www.thehomestarservice.com/insurance-restoration-westfield-in,0,120,0%,20.78
https://www.thehomestarservice.com/guide/insurance-restoration-hamilton-county,0,120,0%,32.97
https://www.thehomestarservice.com/bathroom-remodeling-fishers-in,0,119,0%,33.51
https://www.thehomestarservice.com/guide/kitchen-remodeling-hamilton-county,0,115,0%,19.37
https://www.thehomestarservice.com/remodeling-buck-creek-fortville-in,0,110,0%,7.16
https://www.thehomestarservice.com/blog/best-tile-bathroom-showers,0,104,0%,18.64
https://www.thehomestarservice.com/blog/basement-finishing-ideas-hamilton-county,0,100,0%,15.07
https://www.thehomestarservice.com/basement-finishing-promontory-zionsville-in,0,99,0%,20.17
https://www.thehomestarservice.com/remodeling-traders-point-zionsville-in,0,93,0%,33.4
https://www.thehomestarservice.com/basement-finishing-noblesville-in,0,93,0%,40.97
https://www.thehomestarservice.com/bathroom-remodeling-noblesville-in,0,88,0%,34.68
https://www.thehomestarservice.com/basement-finishing-pendleton-in,0,88,0%,63.05
https://www.thehomestarservice.com/bathroom-remodeling-bear-slide-noblesville-in,0,86,0%,40.5
https://www.thehomestarservice.com/remodeling-promontory-zionsville-in,0,82,0%,54.61
https://www.thehomestarservice.com/kitchen-remodeling-admirals-pointe-fishers-in,0,79,0%,24.08
https://www.thehomestarservice.com/remodeling-springmill-carmel-in,0,79,0%,35.89
https://www.thehomestarservice.com/kitchen-remodeling-promontory-zionsville-in,0,76,0%,36.36
https://www.thehomestarservice.com/remodeling-eagle-creek-zionsville-in,0,76,0%,39.49
https://www.thehomestarservice.com/bathroom-remodeling-village-of-westclay-carmel-in,0,75,0%,47.63
https://www.thehomestarservice.com/basement-finishing-westfield-in,0,74,0%,43.14
https://www.thehomestarservice.com/insurance-restoration-zionsville-in,0,73,0%,14.67
https://www.thehomestarservice.com/remodeling-thorpe-creek-fishers-in,0,73,0%,42.04
https://www.thehomestarservice.com/kitchen-remodeling-geist-reservoir-fishers-in,0,72,0%,56.92
https://www.thehomestarservice.com/bathroom-remodeling-bradley-ridge-zionsville-in,0,71,0%,49.68
https://www.thehomestarservice.com/deck-builder-westfield-in,0,69,0%,12.32
https://www.thehomestarservice.com/kitchen-remodeling-hamilton-proper-fishers-in,0,67,0%,49.93
https://www.thehomestarservice.com/basement-finishing-bradley-ridge-zionsville-in,0,65,0%,25.11
https://www.thehomestarservice.com/bathroom-remodeling-holliday-farms-zionsville-in,0,65,0%,30.31
https://www.thehomestarservice.com/flooring-services-pendleton-in,0,65,0%,38.54
https://www.thehomestarservice.com/kitchen-remodeling-bradley-ridge-zionsville-in,0,64,0%,37.36
https://www.thehomestarservice.com/insurance-restoration-fishers-in,0,63,0%,24.56
https://www.thehomestarservice.com/remodeling-admirals-pointe-fishers-in,0,62,0%,25.89
https://www.thehomestarservice.com/remodeling-brooks-school-fishers-in,0,61,0%,30.21
https://www.thehomestarservice.com/tools/remodel-cost-calculator,0,61,0%,51.23
https://www.thehomestarservice.com/deck-builder-zionsville-in,0,60,0%,10.68
https://www.thehomestarservice.com/remodeling-cambridge-fishers-in,0,60,0%,31.27
https://www.thehomestarservice.com/kitchen-remodeling-noblesville-in,0,59,0%,11.75
https://www.thehomestarservice.com/kitchen-remodeling-holliday-farms-zionsville-in,0,59,0%,41.19
https://www.thehomestarservice.com/#difference,0,57,0%,4.4
https://www.thehomestarservice.com/#process,0,57,0%,4.4
https://www.thehomestarservice.com/#projects,0,57,0%,4.4
https://www.thehomestarservice.com/#services,0,57,0%,4.4
https://www.thehomestarservice.com/blog/basement-finishing-best-investment,0,57,0%,82.02
https://www.thehomestarservice.com/blog/basement-finishing-cost-hamilton-county,0,55,0%,14.71
https://www.thehomestarservice.com/remodeling-brookshire-carmel-in,0,55,0%,43.33
https://www.thehomestarservice.com/remodeling-holliday-farms-zionsville-in,0,53,0%,30.4
https://www.thehomestarservice.com/remodeling-village-of-westclay-carmel-in,0,53,0%,34.47
https://www.thehomestarservice.com/painting-services,0,52,0%,19.42
https://www.thehomestarservice.com/bathroom-remodeling-hamilton-proper-fishers-in,0,52,0%,46.9
https://www.thehomestarservice.com/remodeling-estates-at-geist-fishers-in,0,50,0%,15.66
https://www.thehomestarservice.com/flooring-services-zionsville-in,0,48,0%,17.23
https://www.thehomestarservice.com/insurance-restoration-carmel-in,0,47,0%,16.85
https://www.thehomestarservice.com/basement-finishing-fortville-in,0,47,0%,38.38
https://www.thehomestarservice.com/bathroom-remodeling-promontory-zionsville-in,0,47,0%,53.43
https://www.thehomestarservice.com/projects/pavilion-patio-fortville,0,47,0%,79.45
https://www.thehomestarservice.com/home-remodeling-pendleton-in,0,46,0%,19.15
https://www.thehomestarservice.com/basement-finishing-reserve-at-springmill-carmel-in,0,44,0%,21.75
https://www.thehomestarservice.com/remodeling-canal-place-fishers-in,0,42,0%,25.33
https://www.thehomestarservice.com/blog/basement-finishing-roi-fishers-carmel,0,42,0%,31.12
https://www.thehomestarservice.com/blog/quartz-vs-granite-countertops,0,42,0%,32.74
https://www.thehomestarservice.com/basement-finishing-laurel-lakes-carmel-in,0,42,0%,35.71
https://www.thehomestarservice.com/remodeling-chatham-hills-westfield-in,0,41,0%,24.27
https://www.thehomestarservice.com/remodeling-bradley-ridge-zionsville-in,0,38,0%,57.03
https://www.thehomestarservice.com/basement-finishing-geist-reservoir-fishers-in,0,37,0%,26.86
https://www.thehomestarservice.com/insurance-restoration-noblesville-in,0,37,0%,29.08
https://www.thehomestarservice.com/projects/wet-room-bathroom-fishers,0,36,0%,68.75
https://www.thehomestarservice.com/deck-builder-noblesville-in,0,35,0%,12.03
https://www.thehomestarservice.com/remodeling-downtown-fortville-fortville-in,0,35,0%,26.51
https://www.thehomestarservice.com/bathroom-remodeling-mccordsville-in,0,35,0%,31.43
https://www.thehomestarservice.com/bathroom-remodeling-zionsville-in,0,33,0%,19
https://www.thehomestarservice.com/blog/hamilton-county-remodeling-trends-2026,0,33,0%,23.18
https://www.thehomestarservice.com/blog/kitchen-remodel-roi-indiana,0,33,0%,25.03
https://www.thehomestarservice.com/#blog,0,31,0%,2.94
https://www.thehomestarservice.com/#guides,0,31,0%,2.94
https://www.thehomestarservice.com/#videos,0,31,0%,2.94
https://www.thehomestarservice.com/projects/laundry-room-noblesville,0,31,0%,31.13
https://www.thehomestarservice.com/insurance-restoration,0,31,0%,45.06
https://www.thehomestarservice.com/painting-services-westfield-in,0,30,0%,15.7
https://www.thehomestarservice.com/basement-finishing-hamilton-proper-fishers-in,0,29,0%,49.03
https://www.thehomestarservice.com/basement-finishing-mccordsville-in,0,29,0%,66.24
https://www.thehomestarservice.com/deck-builder-carmel-in,0,28,0%,14.21
https://www.thehomestarservice.com/kitchen-remodeling-chatham-hills-westfield-in,0,28,0%,16.82
https://www.thehomestarservice.com/remodeling-centennial-westfield-in,0,28,0%,35.86
https://www.thehomestarservice.com/deck-builder-pendleton-in,0,28,0%,55.46
https://www.thehomestarservice.com/kitchen-remodeling-pendleton-in,0,27,0%,38.37
https://www.thehomestarservice.com/guide/hiring-contractor-indiana,0,26,0%,31.04
https://www.thehomestarservice.com/basement-finishing-chatham-hills-westfield-in,0,26,0%,39.15
https://www.thehomestarservice.com/bathroom-remodeling-geist-in,0,25,0%,47.96
https://www.thehomestarservice.com/bathroom-remodeling-reserve-at-springmill-carmel-in,0,25,0%,65.24
https://www.thehomestarservice.com/painting-services-noblesville-in,0,24,0%,15.54
https://www.thehomestarservice.com/remodeling-prairie-lakes-noblesville-in,0,22,0%,29.5
https://www.thehomestarservice.com/basement-finishing-geist-in,0,22,0%,41.55
https://www.thehomestarservice.com/blog/bathroom-tile-failure-prevention,0,21,0%,18.76
https://www.thehomestarservice.com/bathroom-remodeling-pendleton-in,0,21,0%,41.9
https://www.thehomestarservice.com/bathroom-remodeling-admirals-pointe-fishers-in,0,21,0%,50.05
https://www.thehomestarservice.com/remodeling-geist-mccordsville-mccordsville-in,0,20,0%,15.8
https://www.thehomestarservice.com/bathroom-remodeling-chatham-hills-westfield-in,0,20,0%,30.85
https://www.thehomestarservice.com/bathroom-remodeling-bridgewater-club-carmel-in,0,20,0%,52.15
https://www.thehomestarservice.com/remodeling-finch-creek-noblesville-in,0,18,0%,33.17
https://www.thehomestarservice.com/remodeling-harmony-westfield-in,0,17,0%,42.41
https://www.thehomestarservice.com/remodeling-laurelwood-carmel-in,0,17,0%,52.35
https://www.thehomestarservice.com/guide/basement-finishing-cost-report-2026,0,16,0%,8.06
https://www.thehomestarservice.com/painting-services-fishers-in,0,16,0%,24.38
https://www.thehomestarservice.com/basement-finishing-estates-at-geist-fishers-in,0,16,0%,28.81
https://www.thehomestarservice.com/kitchen-remodeling-geist-in,0,16,0%,63.5
https://www.thehomestarservice.com/projects/laundry-room-geist,0,15,0%,25.2
https://www.thehomestarservice.com/flooring-services-mccordsville-in,0,15,0%,36.47
https://www.thehomestarservice.com/deck-builder-geist-in,0,15,0%,52.33
https://www.thehomestarservice.com/basement-finishing-admirals-pointe-fishers-in,0,14,0%,25.93
https://www.thehomestarservice.com/remodeling-116th-street-carmel-in,0,14,0%,44.14
https://www.thehomestarservice.com/bathroom-remodeling-jacksons-grant-carmel-in,0,14,0%,64.14
https://www.thehomestarservice.com/flooring-services-carmel-in,0,13,0%,78.08
https://www.thehomestarservice.com/remodeling-bridgewater-club-carmel-in,0,12,0%,78.58
https://www.thehomestarservice.com/remodeling-olio-road-fishers-in,0,11,0%,3.36
https://www.thehomestarservice.com/kitchen-remodeling-mccordsville-in,0,11,0%,4.36
https://www.thehomestarservice.com/basement-finishing-bear-slide-noblesville-in,0,11,0%,24.91
https://www.thehomestarservice.com/remodeling-saxon-woods-fishers-in,0,11,0%,35.45
https://www.thehomestarservice.com/painting-services-carmel-in,0,11,0%,54.18
https://www.thehomestarservice.com/remodeling-mccordsville-proper-mccordsville-in,0,10,0%,29.9
https://www.thehomestarservice.com/remodeling-bridgewater-westfield-in,0,9,0%,45.11
https://www.thehomestarservice.com/painting-services-zionsville-in,0,8,0%,21.62
https://www.thehomestarservice.com/projects/westfield-basement-masterpiece,0,8,0%,40.5
https://www.thehomestarservice.com/kitchen-remodeling-estates-at-geist-fishers-in,0,8,0%,77
https://www.thehomestarservice.com/blog/deck-season-outdoor-living-planning,0,7,0%,12.57
https://www.thehomestarservice.com/kitchen-remodeling-fortville-in,0,7,0%,21.14
https://www.thehomestarservice.com/remodeling-jacksons-grant-carmel-in,0,7,0%,34.86
https://www.thehomestarservice.com/projects/geist-upper-level-remodel,0,7,0%,37.29
https://www.thehomestarservice.com/basement-finishing-jacksons-grant-carmel-in,0,7,0%,41.86
https://www.thehomestarservice.com/remodeling-grand-park-westfield-in,0,7,0%,51.43
https://www.thehomestarservice.com/painting-services-fortville-in,0,6,0%,4.5
https://www.thehomestarservice.com/bathroom-remodeling-estates-at-geist-fishers-in,0,6,0%,42.17
https://www.thehomestarservice.com/projects/basement-bathroom-carmel,0,6,0%,46.67
https://www.thehomestarservice.com/about/robb-rice,0,5,0%,3
https://www.thehomestarservice.com/painting-services-mccordsville-in,0,5,0%,32.2
https://www.thehomestarservice.com/remodeling-geist-reservoir-fishers-in,0,4,0%,1.25
https://www.thehomestarservice.com/flooring-services-fishers-in,0,4,0%,4.25
https://www.thehomestarservice.com/kitchen-remodeling-bear-slide-noblesville-in,0,4,0%,20
https://www.thehomestarservice.com/about/eric-farr,0,4,0%,21.5
https://www.thehomestarservice.com/projects/kids-bathroom-fishers,0,4,0%,32.75
https://www.thehomestarservice.com/kitchen-remodeling-jacksons-grant-carmel-in,0,4,0%,52.5
https://www.thehomestarservice.com/kitchen-remodeling-fishers-in,0,3,0%,13
https://www.thehomestarservice.com/terms-and-conditions.html,0,3,0%,22
https://www.thehomestarservice.com/basement-finishing-laurelwood-carmel-in,0,3,0%,22.67
https://www.thehomestarservice.com/remodeling-smokey-ridge-carmel-in,0,3,0%,39.67
https://www.thehomestarservice.com/kitchen-remodeling-village-of-westclay-carmel-in,0,3,0%,43.67
https://www.thehomestarservice.com/flooring-services-westfield-in,0,2,0%,1
https://www.thehomestarservice.com/remodeling-south-pendleton-pendleton-in,0,2,0%,7
https://www.thehomestarservice.com/insurance-restoration-fortville-in,0,2,0%,9.5
https://www.thehomestarservice.com/basement-finishing-holliday-farms-zionsville-in,0,2,0%,14
https://www.thehomestarservice.com/insurance-restoration-mccordsville-in,0,2,0%,14.5
https://www.thehomestarservice.com/guide/outdoor-living-hamilton-county,0,2,0%,23.5
https://www.thehomestarservice.com/remodeling-downtown-pendleton-pendleton-in,0,2,0%,37
https://www.thehomestarservice.com/remodeling-bear-slide-noblesville-in,0,2,0%,47.5
https://www.thehomestarservice.com/insurance-restoration-geist-in,0,2,0%,52.5
https://www.thehomestarservice.com/remodeling-laurel-lakes-carmel-in,0,2,0%,85.5
https://www.thehomestarservice.com/bathroom-remodeling-fortville-in,0,1,0%,1
https://www.thehomestarservice.com/flooring-services-fortville-in,0,1,0%,1
https://www.thehomestarservice.com/remodeling-pendleton-heights-pendleton-in,0,1,0%,1
https://www.thehomestarservice.com/images/bathroom-green-tile-1.jpg,0,1,0%,4
https://www.thehomestarservice.com/images/fishers-concrete-1.jpg,0,1,0%,4
https://www.thehomestarservice.com/deck-builder-fishers-in,0,1,0%,16
https://www.thehomestarservice.com/basement-finishing-bridgewater-club-carmel-in,0,1,0%,27
https://www.thehomestarservice.com/deck-builder-mccordsville-in,0,1,0%,54
https://www.thehomestarservice.com/kitchen-remodeling-reserve-at-springmill-carmel-in,0,1,0%,60
https://www.thehomestarservice.com/bathroom-remodeling-geist-reservoir-fishers-in,0,1,0%,90