Top queries,Clicks,Impressions,CTR,Position
homestar services and contracting,48,202,23.76%,1.35
homestar services,23,58,39.66%,1.28
homestar contracting,13,24,54.17%,2.42
bathroom remodel fishers,3,102,2.94%,21.3
homestar construction,3,15,20%,4.33
homestar remodeling,2,381,0.52%,20.89
homestar renovations,2,137,1.46%,9.51
home star services,2,11,18.18%,4
homestar,1,65,1.54%,2.66
schluter kerdi board vs cement board,1,53,1.89%,7.7
home star,1,47,2.13%,13.91
zionsville bathroom remodel,1,35,2.86%,18.29
exterior home repairs near me,1,35,2.86%,58
schluter systems,1,34,2.94%,2.44
schluter shower system,1,34,2.94%,2.88
basement finishing contractors near me,1,15,6.67%,13.47
home star remodeling,1,9,11.11%,11.67
yes,1,7,14.29%,4.29
bathroom remodel cost,1,7,14.29%,13.43
home star construction,1,6,16.67%,8.67
bathroom remodelers near me,1,5,20%,15.6
cost of hardwood floors vs lvp,1,1,100%,1
pergola contractors near me,1,1,100%,1
schluter certified installers near me,1,1,100%,3
full bathroom remodel cost hamilton,0,3751,0%,7.15
average bathroom remodel cost hamilton,0,3262,0%,6.66
small bathroom remodel cost hamilton,0,2402,0%,6.97
bathroom remodeling near me,0,478,0%,10.35
home repair,0,476,0%,24.27
home improvement services,0,372,0%,10.63
bathroom remodeling fishers in,0,353,0%,23.67
signs you need bathroom remodel,0,351,0%,39.5
remodeler,0,334,0%,5.49
geist handyman,0,328,0%,26.98
concrete patio installation fishers,0,324,0%,9.3
bathroom remodeling noblesville in,0,302,0%,16.39
composite decking vs wood cost,0,273,0%,20.68
carmel bathroom remodeling,0,272,0%,26.56
home restoration near me,0,267,0%,10.77
carmel home remodeler,0,244,0%,18.44
kitchen remodeling zionsville in,0,232,0%,19.8
this old house bathroom remodel timeline weeks,0,229,0%,9.76
bathroom remodeler,0,219,0%,17.24
kerdi board vs cement board,0,215,0%,14.32
basement remodel carmel,0,206,0%,17.43
homestar remodeling photos,0,197,0%,25.62
bathroom remodeling,0,196,0%,8.91
home improvement franchise opportunities westfield,0,196,0%,17.21
home repair services,0,192,0%,34.95
basement remodeling fishers in,0,190,0%,8.65
remodeling franchise opportunities mccordsville,0,190,0%,9.26
home remodeling carmel in,0,189,0%,20.67
bathroom remodeling carmel in,0,183,0%,24.83
remodeling services,0,170,0%,6.64
bathroom remodeling noblesville,0,169,0%,20.04
signs you need a bathroom remodel,0,169,0%,38.72
homestar remodeling columbia,0,155,0%,20.41
best concrete driveway installation fishers,0,155,0%,53.03
shower installation carmel,0,154,0%,26.56
home improvement carmel,0,147,0%,20.1
home services franchise opportunities fishers,0,144,0%,35.4
home remodeling westfield in,0,141,0%,12.79
composite vs wood decking price,0,140,0%,17.61
bathroom remodel carmel,0,138,0%,26.32
remodeling contractor carmel in,0,137,0%,24.51
get free quote for kitchen remodel in westfield indiana,0,136,0%,5.99
kitchen remodeler,0,131,0%,15.52
hamilton basement finishing,0,125,0%,18.94
lvp vs hardwood flooring for denver homes,0,124,0%,62.03
i need a basement finishing contractor in noblesville soon,0,121,0%,4.87
deck services,0,119,0%,9.92
basement remodeling westfield,0,114,0%,27.04
kitchen remodeling hamilton county indiana,0,113,0%,16.19
professional home repair,0,113,0%,37.6
home star renovations,0,112,0%,11.66
storm damage free estimate indianapolis,0,111,0%,42.71
bathroom remodel hamilton cost,0,108,0%,21.57
basement remodeling hamilton county indiana,0,107,0%,22.71
master bathroom remodel near me,0,107,0%,37.1
cost comparison: treated vs composite for a backyard upgrade,0,106,0%,8.35
storm damage repair fishers,0,105,0%,12.34
bathroom remodeling zionsville in,0,105,0%,21.92
bathroom flooded,0,105,0%,24.47
basement handyman,0,104,0%,23.32
bathroom remodel carmel in,0,102,0%,33.49
bathroom renovation near me,0,94,0%,10.98
home handyman remodeler,0,94,0%,28.97
signs bathroom renovation needed,0,93,0%,41.91
schluter vs cement board,0,90,0%,8.33
cement board vs schluter,0,88,0%,8.5
bathroom remodeling carmel,0,88,0%,23.12
munster kitchen remodeling,0,88,0%,64.9
tile installation,0,87,0%,1
stamped concrete fishers,0,87,0%,11.16
"which waterproof membrane boards are recommended for bathrooms in norway, 
and what differentiates them?",0,84,0%,38.24
best bathroom remodelers near me,0,84,0%,48.33
kitchen remodeler near me,0,83,0%,4.08
home remodeling,0,83,0%,5.64
plumbing remodeling zionsville in,0,83,0%,33.51
bathroom remodel near me,0,82,0%,26.26
bathroom remodel companies near me,0,82,0%,52.59
bathroom remodel plumber zionsville,0,80,0%,17
bathroom remodel fishers in,0,80,0%,29.66
home remodeling contractor hamilton county indiana,0,79,0%,10.53
home restoration,0,78,0%,6.67
schluter board vs cement board,0,78,0%,8.41
storm damage cleanup hamilton,0,78,0%,19.99
shower remodel companies near me,0,78,0%,45.95
shower tile installers near me,0,77,0%,22.52
affordable bathroom remodel near me,0,76,0%,46.7
bathroom remodel timeline elk grove ca,0,75,0%,20.36
"remodeler in carmel, in",0,75,0%,23.04
exterior remodeling hamilton county indiana,0,74,0%,12.2
licensed bathroom contractors near me,0,74,0%,32.24
shower renovation near me,0,73,0%,25.19
how to choose a general contractor,0,73,0%,36.79
storm damage fence repair indiana,0,70,0%,26.44
bathroom tile installers near me,0,70,0%,34.01
flooring installation hamilton county indiana,0,67,0%,9.82
hamilton home remodeling cost,0,67,0%,26.91
bathroom remodeler fishers island,0,67,0%,43.04
contractor websites fishers in,0,66,0%,24.14
kitchen remodeling fishers in,0,66,0%,25.73
bathroom contractors near me,0,65,0%,11.34
basement contractor fishers,0,65,0%,17.35
hamilton home remodeling prices,0,65,0%,18.97
cost of wood deck vs composite,0,65,0%,24.4
is composite decking cheaper than wood,0,65,0%,27.18
flooring service castleton,0,65,0%,38.54
bathroom remodeling hamilton county indiana,0,64,0%,10.19
website for contractors fishers in,0,64,0%,16.38
bathroom remodel noblesville,0,64,0%,20.88
basement remodel zionsville in,0,64,0%,35.84
how to choose a home improvement contractor,0,64,0%,68.69
bathroom remodel,0,62,0%,9.06
bathroom flooded what to do,0,62,0%,10.02
concrete patios fishers,0,62,0%,14.94
flooded bathroom what to do,0,61,0%,36.25
shower remodel near me,0,60,0%,22.87
renovate bathroom near me,0,60,0%,27.42
basement renovation fishers,0,59,0%,13.93
insurance claim for water damage to kitchen,0,59,0%,37.41
basement remodeling fishers,0,58,0%,8.17
bathroom remodel schedule,0,58,0%,11.29
basement remodel fishers,0,58,0%,15.17
homestars,0,58,0%,22.12
full service home remodeling company indianapolis,0,58,0%,25.71
water damage kitchen cabinets insurance,0,58,0%,28.79
small bathroom contractors near me,0,58,0%,37.74
home remodeling mount hamilton,0,58,0%,38.1
zionsville remodeling services,0,57,0%,29.4
"storm damage repair burns harbor, in",0,57,0%,43.44
bathroom remodeling fishers island,0,57,0%,45.98
home contractor,0,56,0%,16.96
angi bathroom remodel timeline weeks,0,55,0%,10.73
schluter ditra vs cement board,0,55,0%,12.07
basement finishing fishers,0,55,0%,12.11
full bathroom remodel near me,0,55,0%,36.05
bath remodeling contractors near me,0,55,0%,42.15
bathroom remodel typical timeline weeks source,0,54,0%,6.91
deck builder hamilton county indiana,0,54,0%,7.85
what to do when your bathroom floods,0,54,0%,12
noblesville bathroom remodel,0,54,0%,23.24
exterior remodeling zionsville in,0,54,0%,24.69
entertainment basement remodel fishers,0,53,0%,17.23
remodel plumber zionsville,0,53,0%,18.15
shower remodeling noblesville in,0,53,0%,20.13
residential remodeling fishers,0,53,0%,22.75
basement remodeling near me,0,53,0%,24.83
whole home remodel westfield,0,53,0%,38.3
covered porch builder hamilton county indiana,0,52,0%,5.46
wood vs composite deck cost,0,52,0%,19.83
bathroom refinishers near me,0,52,0%,22.04
kitchen remodeling,0,51,0%,1.1
house painters fortville,0,51,0%,13.92
home general contractors near me,0,51,0%,34.39
interior home remodeling greenfield in,0,51,0%,34.88
home maintenance services,0,51,0%,41
composite deck vs wood cost,0,50,0%,19.52
interior remodeling fishers,0,50,0%,23.12
bathroom renovators near me,0,50,0%,23.22
composite decking prices vs wood,0,50,0%,23.68
basement renovation hamilton,0,50,0%,30.6
remodeling services greenfield,0,50,0%,34.86
schluter system vs cement board,0,49,0%,6.71
home remodel fishers,0,49,0%,19.2
basement remodeling contractor fishers,0,48,0%,12.08
plumber holliday farms,0,48,0%,12.44
shower remodeling fishers in,0,48,0%,19.15
remodel bathroom near me,0,48,0%,20.6
small bathroom remodel near me,0,48,0%,36.98
carmel custom bathroom remodel,0,47,0%,17.49
home remodeling services indiana,0,47,0%,18.34
composite vs wood deck cost,0,47,0%,19.36
interior remodeling zionsville in,0,47,0%,21.7
home renovation in fishers,0,47,0%,22.06
shower renovation noblesville,0,47,0%,22.68
kitchen remodelers zionsville in,0,47,0%,34.06
st. john kitchen remodeling,0,47,0%,61.4
house painters mccordsville,0,46,0%,15.61
bath remodel near me,0,46,0%,26.48
bathroom renovation carmel,0,46,0%,28.67
richmond indiana bath remodeling cost,0,46,0%,31.22
how much more is composite decking than wood,0,46,0%,31.5
affordable home additions westfield,0,46,0%,34.52
"storm damage repair marion, in",0,46,0%,52.2
home remodeling noblesville,0,45,0%,13.87
zionsville handyman services,0,45,0%,40.71
bathroom remodeling carmel valley,0,45,0%,73.91
bathroom remodeler near me,0,44,0%,11.73
house remodel fishers,0,44,0%,20.73
deck composite vs wood cost,0,44,0%,21.05
bathroom renovation timeline seattle,0,44,0%,26.8
basement remodeling contractor zionsville in,0,44,0%,27.89
basement refinishers zionsville in,0,43,0%,25.47
home remodeling zionsville,0,43,0%,39.58
schererville basement conversions,0,43,0%,78.05
basement finishing,0,42,0%,1.21
remodeling,0,42,0%,5.12
fishers basement remodel,0,42,0%,9.93
insurance restoration carmel in,0,42,0%,12.81
bathroom remodel zionsville,0,42,0%,17.81
custom bathroom remodel carmel,0,42,0%,23.31
bathroom reconstruction near me,0,42,0%,24.55
shower remodeling zionsville in,0,42,0%,25.55
zionsville home remodeling,0,42,0%,31.5
kitchen remodeling carmel in,0,42,0%,36.38
home remodeling fishers,0,41,0%,14.61
remodel home fishers,0,41,0%,17.9
basement finishing zionsville in,0,41,0%,19.51
shower renovation fishers,0,41,0%,20.44
home remodel carmel,0,41,0%,21.37
"shower remodeling carmel, in",0,41,0%,24.88
remodeling services jeffersonville,0,41,0%,35.68
home remodeler,0,40,0%,12.75
louisville homeowners wood vs composite decking,0,40,0%,14.53
home remodeling in fishers,0,40,0%,15.6
wood vs composite deck price,0,40,0%,21.32
is composite deck more expensive than wood,0,40,0%,32.65
storm damage repair warsaw indiana,0,40,0%,52.98
remodeling estimate noblesville,0,39,0%,12.69
residential remodeling contractor westfield,0,39,0%,13.49
custom basement remodel fishers,0,39,0%,19.23
residential remodeling zionsville in,0,39,0%,19.67
plumber for luxury homes zionsville,0,39,0%,19.72
basement remodelers zionsville in,0,39,0%,23.87
bathroom remodelers old westfield,0,39,0%,25.62
shower renovation,0,39,0%,26.13
kitchen remodel fishers in,0,39,0%,28.41
is composite decking more expensive than wood,0,39,0%,30.49
kitchen remodeling mccordsville in,0,39,0%,33.82
insurance restoration zionsville in,0,38,0%,13.55
home remodel in fishers,0,38,0%,18.61
residential home remodel fishers,0,38,0%,19.92
basement remodel in fishers,0,38,0%,20.53
bathroom remodeler old westfield,0,38,0%,25.61
basement remodeler zionsville in,0,38,0%,29.5
interior remodeling services westfield,0,37,0%,10.68
basement finishers zionsville in,0,37,0%,19.51
bathroom remodeling greenfield in,0,37,0%,35.73
finished basement henryville,0,37,0%,44.54
finished basement cost indianapolis,0,37,0%,46.62
"what is the expected timeline for a mid-range bathroom remodel including 
plumbing and drywall?",0,36,0%,3.47
finished basement lanesville,0,36,0%,27.92
basement waterproofing near me,0,36,0%,35.44
general home contractor near me,0,36,0%,35.53
shower installation noblesville in,0,36,0%,44.61
finished basement fishers,0,35,0%,13.94
basement refinishing zionsville in,0,35,0%,20.06
exterior remodeling company zionsville in,0,35,0%,21.14
exterior remodeling services fishers,0,35,0%,25.23
kitchen remodeler zionsville in,0,35,0%,31.03
plumbing bathroom remodel hamilton county fl,0,35,0%,40.63
custom patio installation bentonville battlefield state historic site,0,35,0%,80.6
free estimate home improvement noblesville,0,34,0%,7.44
residential remodeling westfield,0,34,0%,8.06
whole home remodel fishers,0,34,0%,11.41
storm damage repair noblesville,0,34,0%,14.38
home renovation fishers,0,34,0%,16.29
zionsville kitchen remodel,0,34,0%,22.03
home additions westfield,0,34,0%,34
kerdi board vs cement board cost,0,33,0%,6.52
interior remodeling westfield,0,33,0%,12.7
house remodeling fishers,0,33,0%,17.39
wood decking vs composite cost,0,33,0%,20.7
the homestar group,0,33,0%,23.64
home renovation zionsville,0,33,0%,23.91
kitchen renovation zionsville in,0,33,0%,25.64
kitchen remodel zionsville in,0,33,0%,30.97
plumbing and bathroom remodeling hamilton county fl,0,33,0%,42.52
finished basement jeffersonville,0,33,0%,47.61
bathroom remodel carmel valley,0,33,0%,50.39
main and master bathroom deck maintenance schedule lifespan warranty,0,32,0%,9.59
schluter vs durock,0,32,0%,10.19
home improvement quote noblesville,0,32,0%,11.91
deck repair fishers in,0,32,0%,12.41
local home remodel fishers,0,32,0%,14.31
exterior remodeling services zionsville in,0,32,0%,15.41
basement remodeling zionsville in,0,32,0%,18.81
basement remodeling service zionsville,0,32,0%,22.47
concrete repair noblesville,0,32,0%,26.41
bathroom flooding,0,32,0%,38.28
home remodeling zionsville in,0,31,0%,11.94
wood vs composite decking cost,0,31,0%,19.71
remodeling contractor fishers,0,31,0%,21.48
kitchen remodeling greenfield in,0,31,0%,28.81
bathroom remolding greenfield in,0,31,0%,35.42
basement remodeling hancock county indiana,0,31,0%,44.97
tile installation contractors near me,0,31,0%,56.58
home renovator,0,30,0%,13.67
shower remodeling westfield in,0,30,0%,16.43
best home remodel fishers,0,30,0%,18.07
remodeling contractor noblesville,0,30,0%,19.57
composite decking versus wood cost,0,30,0%,24.87
backsplash installation,0,29,0%,1
bathroom remodeling fishers creek,0,29,0%,13.07
custom remodeling noblesville,0,29,0%,13.14
interior remodeling noblesville,0,29,0%,13.41
remodeling company,0,29,0%,13.86
home renovation noblesville,0,29,0%,15.52
carmel bathroom renovation,0,29,0%,21.52
price difference between wood and composite decking,0,29,0%,25.79
laurel basement remodeling,0,29,0%,39.17
insurance restoration westfield,0,28,0%,3.54
is wood or composite decking cheaper,0,28,0%,13.32
remodeling company noblesville,0,28,0%,13.43
kitchen insurance claims,0,28,0%,16.93
carmel home remodel,0,28,0%,19.93
basement renovation zionsville in,0,28,0%,22.32
general contractor for home remodel,0,28,0%,28.79
bathroom remodel carmel indiana,0,28,0%,30.96
deck builder fishers,0,28,0%,35.71
ceramic tile contractors near me,0,28,0%,50.89
cedar lake kitchen remodeling,0,28,0%,69.14
noblesville indiana remodeler,0,27,0%,8.85
durock vs schluter,0,27,0%,9.67
bathroom remodeling westfield in,0,27,0%,14.93
storm damage repair carmel,0,27,0%,19.93
cost of composite decking versus wood,0,27,0%,23.15
home improvement carmel in,0,27,0%,23.3
insurance restoration plainfield in,0,27,0%,28.37
schluter alternative,0,27,0%,30.93
remodelers noblesville in,0,27,0%,31.52
finished basement new pekin,0,27,0%,37.48
exterior basement waterproofing near me,0,27,0%,38.78
kitchen remodels zionsville in,0,27,0%,39.89
patio contractor fishers island,0,27,0%,44.59
carmel general contractor cost,0,27,0%,48.11
finished basement borden,0,27,0%,67.7
insurance restoration fishers,0,26,0%,6.5
cement board vs kerdi,0,26,0%,11.62
basement renovations zionsville in,0,26,0%,15.19
basement finishers westfield in,0,26,0%,16.38
bathroom designers near me,0,26,0%,20.85
interior remodeling carmel in,0,26,0%,21.08
exterior remodeling contractor noblesville in,0,26,0%,22.96
shower replacement fishers,0,26,0%,25.54
general contractor fishers in,0,26,0%,25.81
home renovation henryville,0,26,0%,31.15
kitchen renovator zionsville in,0,26,0%,32.62
does homeowners insurance cover leaking dishwasher,0,26,0%,40.73
siding repair zionsville in,0,26,0%,78.81
home renovation services zionsville in,0,25,0%,5.12
noblesville indiana remodeling company,0,25,0%,7.36
exterior remodeling services westfield,0,25,0%,10.08
home renovations zionsville in,0,25,0%,10.84
composite vs wood decking cost,0,25,0%,18.92
home improvement noblesville in,0,25,0%,20.32
deck repair fishers,0,25,0%,20.56
residential remodeling carmel in,0,25,0%,25
exterior remodeling fishers in,0,25,0%,27.08
kitchen renovators zionsville in,0,25,0%,31.48
kitchen remodel carmel indiana,0,25,0%,33.76
deck builder hamilton,0,25,0%,34.8
home renovation greenfield in,0,25,0%,47.72
finished basement corydon,0,25,0%,78.24
typical bathroom remodel timeline weeks source,0,24,0%,6.21
kerdi vs cement board,0,24,0%,12.58
noblesville home improvement contractor,0,24,0%,17.58
bathroom renovation zionsville,0,24,0%,20.29
basement remodeling contractors zionsville in,0,24,0%,21.04
composite versus wood decking cost,0,24,0%,21.08
homestar group,0,24,0%,24.17
basement remodeling estimates kingsport tn,0,24,0%,24.38
"bathroom remodeling carmel, in",0,24,0%,26.79
tub to shower conversion noblesville,0,24,0%,28.46
commercial remodeling contractor zionsville in,0,24,0%,30.79
lowell kitchen remodeling,0,24,0%,56.62
interior remodeling company westfield,0,23,0%,8.74
kitchen remodels westfield in,0,23,0%,15
carmel home renovation,0,23,0%,18.74
basement finishing near me,0,23,0%,23
home renovation services,0,23,0%,29.57
toilet installation zionsville,0,23,0%,43
plumbing remodel hamilton county fl,0,23,0%,51.26
home remodeling contractor,0,22,0%,2.82
schluter kerdi board,0,22,0%,3.18
bathroom remodeling hancock county indiana,0,22,0%,12.73
kitchen remodeling hancock county indiana,0,22,0%,12.95
home additions noblesville,0,22,0%,14.14
custom deck building noblesville in,0,22,0%,16.27
kitchen remodeling fishers creek,0,22,0%,19.32
zionsville aging in place remodeling,0,22,0%,24.32
luxury bathroom remodel carmel,0,22,0%,28.45
commercial remodeling zionsville in,0,22,0%,28.59
hardscape contractor noblesville in,0,22,0%,33.59
basement finishing new albany in,0,22,0%,36.45
home improvement contractors near me,0,22,0%,47.64
munster bathroom remodeling,0,22,0%,76.14
how much does a basement finishing cost in indianapolis,0,21,0%,9
zionsville basement waterproofing company,0,21,0%,13.81
bathroom remodeler fishers in,0,21,0%,16.95
composite decking cost vs wood,0,21,0%,18.24
composite vs wood deck price,0,21,0%,20.1
deck staining fishers,0,21,0%,22.57
kitchen remodel westfield in,0,21,0%,22.62
cost of composite decking vs wood,0,21,0%,23.95
patio conversions noblesville in,0,21,0%,25.86
bathroom remodeling fishers,0,21,0%,27.1
bathroom renovation services carmel,0,21,0%,35.19
interior basement waterproofing near me,0,21,0%,41
bathroom remodel cost hutchins,0,21,0%,48.38
outdoor living space contractors near me,0,21,0%,60.81
how to choose a home remodeler,0,21,0%,82.43
bathroom remodel timeline,0,20,0%,9.8
deck builder westfield,0,20,0%,12.6
basement waterproofing plumber zionsville,0,20,0%,15
basement waterproofing contractor zionsville,0,20,0%,15.75
cost of composite deck vs wood,0,20,0%,19.4
home remodel zionsville,0,20,0%,19.55
exterior remodeling services carmel in,0,20,0%,23.2
exterior remodeling fishers,0,20,0%,24.2
custom contractor fishers,0,20,0%,26.2
carmel bathroom remodel,0,20,0%,28.05
exterior remodeling contractor fishers in,0,20,0%,29.9
flooding bathroom,0,20,0%,31.75
kitchen renovations zionsville in,0,20,0%,32.05
munster home repair,0,20,0%,55.85
full home renovations,0,19,0%,1
composite decking vs wood decking cost comparison 2025 2026,0,19,0%,2.79
deck contractor zionsville,0,19,0%,9.11
kitchen remodelers westfield in,0,19,0%,17.95
home repairs zionsville,0,19,0%,19.32
basement finish cost calculator,0,19,0%,30.58
bathtub replacement zionsville in,0,19,0%,33.37
tub to shower conversion fishers,0,19,0%,33.37
does homeowners insurance cover water damage from dishwasher,0,19,0%,35.05
home maintenance and repair services,0,19,0%,44.95
home renovation sellersburg,0,19,0%,46.63
how to choose a home remodeling contractor,0,19,0%,75.68
remodeling contractors,0,18,0%,11
kitchen remodeling westfield in,0,18,0%,11.44
kitchen remodel insurance claim,0,18,0%,15.83
average cost to remodel a basement noblesville,0,18,0%,20.89
basement contractors near me,0,18,0%,20.89
composite deck vs wood deck cost,0,18,0%,21.44
basement finishing calculator,0,18,0%,22.22
composite decking price vs wood,0,18,0%,24.28
waterproofing companies near me,0,18,0%,26.56
home repair fishers,0,18,0%,40.67
fascia board fortville in,0,18,0%,45.44
indy basement finishing,0,18,0%,47.06
who provides the best bathroom renovation services in carmel,0,18,0%,48.5
interior painting hamilton county,0,17,0%,4.76
schluter board,0,17,0%,4.76
how to choose a contractor for renovations,0,17,0%,9.41
laundry room cabinets noblesville,0,17,0%,10.35
storm damage repair hamilton in,0,17,0%,11.41
carmel home repair,0,17,0%,13.29
basement refinishing westfield in,0,17,0%,15.29
kitchen remodeler westfield in,0,17,0%,15.29
commercial remodeling contractor westfield,0,17,0%,17.47
kitchen remodeling noblesville,0,17,0%,18.47
custom home remodel fishers,0,17,0%,20.76
price of composite decking vs wood,0,17,0%,21.71
zionsville home repair,0,17,0%,24.35
carmel indiana home remodeling,0,17,0%,29.65
storm damage repairs,0,17,0%,32.71
finishing a basement cost estimator,0,17,0%,35.29
basement finishing laporte,0,17,0%,37.82
flooded bathroom,0,17,0%,46.76
bathroom remodeling mount hamilton,0,17,0%,50.82
insurance-approved restoration company,0,17,0%,56.29
cabinet refacing fishers in,0,16,0%,1
bathroom remodeling services,0,16,0%,3.31
"b a t h r o o m r e n o v a t i o n s n e a r m e u s d 1 3 5 0 0 0 . 0 2 2 
% - 1 9 % l o w 2 4 1 1 . 2 2 5 0 . 0 0 1 1 0 0 0 0 1 1 0 0 0 0 1 1 0 0 0 0 
1 3 5 0 0 0 2 0 1 0 0 0 2 4 6 0 0 0 1 3 5 0 0 0 7 4 0 0 0 9 0 5 0 0 9 0 5 0 
0 7 4 0 0 0 1 1 0 0 0 0",0,16,0%,7.25
westfield kitchen renovation,0,16,0%,7.94
westfield kitchen remodeling,0,16,0%,10.94
reconstruction company near me,0,16,0%,13.75
average cost for basement finishing carmel,0,16,0%,17
siding contractor hamilton county indiana,0,16,0%,17.19
flooring installation zionsville,0,16,0%,17.62
basement cost calculator,0,16,0%,20.5
bathroom remodeling carmel indiana,0,16,0%,25.44
westfield in remodelers,0,16,0%,25.69
signs of a bathroom remodel,0,16,0%,38.25
best tile for a shower,0,16,0%,47.62
basement remodel elkhart county,0,16,0%,52.56
general contractor fishers island,0,16,0%,61
finished basement charlestown,0,16,0%,73.19
bathroom renovations st peters,0,16,0%,84.12
kitchen remodeling company,0,15,0%,4.33
plumber eaglewood estates,0,15,0%,8.47
basement refinishers westfield in,0,15,0%,9.13
composite decking cost vs pressure treated,0,15,0%,11.07
cement board vs kerdi board,0,15,0%,11.27
composite deck cost vs wood,0,15,0%,16.47
home remodeling contractor hancock county indiana,0,15,0%,16.6
basement finishing hartford city,0,15,0%,21
general contractor zionsville in,0,15,0%,21.07
wood deck vs composite cost,0,15,0%,21.47
local home repair,0,15,0%,22.2
deck wood vs composite cost,0,15,0%,22.93
cost of wood vs composite decking,0,15,0%,25.2
home services,0,15,0%,25.6
exterior remodeling contractor zionsville in,0,15,0%,26.67
cost of wood decking vs composite,0,15,0%,28.2
subway tile installation near me,0,15,0%,39.8
finished basement service,0,15,0%,45.4
how to choose a door contractor in indiana,0,15,0%,45.6
staircase remodeling services,0,15,0%,47.27
munster home remodeling,0,15,0%,55.4
basement finishing goshen in,0,15,0%,58.93
home improvement company near me,0,15,0%,83
"water damage estimate westfield, in free.",0,14,0%,5.71
painting company mccordsville,0,14,0%,13.64
bathroom remodeling timeline in pasadena what to expect,0,14,0%,13.86
general contractor near me,0,14,0%,15.5
bathroom remodeling green level,0,14,0%,17.86
cost of composite decking vs pressure treated,0,14,0%,18.21
cost comparison wood vs composite decking,0,14,0%,18.29
what is the price difference between composite and wood decking,0,14,0%,20.43
deck builder near me noblesville,0,14,0%,22.71
paver patio noblesville,0,14,0%,24.36
concrete noblesville in,0,14,0%,27.36
texture removal mccordsville,0,14,0%,29.93
basement cost estimator,0,14,0%,30.71
deck contractor near me noblesville,0,14,0%,35.5
basement remodeling hamilton,0,14,0%,37
toilet installation noblesville in,0,14,0%,44.57
home renovations expert carmel,0,14,0%,44.86
bathroom remodeling specialist,0,14,0%,52.36
choose contractor,0,14,0%,56.07
new construction plumbing zionsville,0,14,0%,56.57
madison indiana home remodeling cost,0,14,0%,56.86
bathroom floor installation near me,0,14,0%,77.07
porcelain tile installation near me,0,14,0%,84.5
kitchen remodeling services,0,13,0%,1
basement finishing fishers in,0,13,0%,2.77
bathroom remodeling company,0,13,0%,6.69
westfield kitchen contractors,0,13,0%,8.08
bathroom remodel fishers creek,0,13,0%,11.92
master bathroom remodel timeline fort worth,0,13,0%,20.15
basement refinishing contractors noblesville in,0,13,0%,24.92
shower replacement noblesville,0,13,0%,29.77
kitchen remodeling carmel,0,13,0%,30.23
home contractor fishers,0,13,0%,32.62
deck construction muncie in,0,13,0%,55
tile & grout cleaning mccordsville in,0,13,0%,61.54
how to get home improvement leads fishers in,0,13,0%,68
outdoor living contractors near me,0,13,0%,70.85
vinyl plank flooring installation,0,13,0%,76.38
closet designer fishers,0,12,0%,1
shower tile ideas,0,12,0%,5.92
aluminum deck systems carmel,0,12,0%,11.17
basement remodeling companies westfield in,0,12,0%,11.17
deck builder zionsvile,0,12,0%,11.5
custom deck construction noblesville in,0,12,0%,12.5
basement finishing in hamilton va,0,12,0%,13.5
flooded bathroom repair,0,12,0%,13.67
bathroom renovation hamilton,0,12,0%,14.17
homestar solutions,0,12,0%,15
deck contractor noblesville,0,12,0%,16.42
fascia installation hamilton in,0,12,0%,17.08
cost difference between wood and composite decking,0,12,0%,21.83
how much is composite decking vs wood,0,12,0%,22.08
composite deck price vs wood,0,12,0%,22.42
kitchen plumbing & remodel services,0,12,0%,22.75
is wood decking cheaper than composite,0,12,0%,22.83
signs your bathroom needs a remodel,0,12,0%,23
hamilton county vinyl railing,0,12,0%,23.92
website for contractor fishers,0,12,0%,24
bathroom remodel timeline chelsea,0,12,0%,24.58
exterior remodeling company carmel in,0,12,0%,24.92
storm damage repair porter in,0,12,0%,26
bathroom contractor carmel,0,12,0%,28.25
home repair noblesville in,0,12,0%,30.75
cost finish basement calculator,0,12,0%,32.75
toilet installation carmel,0,12,0%,34.25
kitchen remodel carmel in,0,12,0%,34.42
hardwood floor cleaning mccordsville in,0,12,0%,36.92
bathtub replacement fishers,0,12,0%,37.58
deck services jeffersonville,0,12,0%,37.92
springville basement finishing,0,12,0%,47.33
basement finishing indianapolis,0,12,0%,54.33
tile installation companies near me,0,12,0%,71.58
home building services brookfield,0,12,0%,77.17
kitchen remodeling contractor,0,11,0%,5
free water damage estimate westfield in,0,11,0%,6.64
home remodeling near me,0,11,0%,8.91
bathroom renovation timeline,0,11,0%,9.91
westfield kitchen remodelers,0,11,0%,10.64
home renovation contractor buck creek,0,11,0%,10.73
deck builders westfield,0,11,0%,11.36
basement finishing rainy brook,0,11,0%,13.82
affordable contractor noblesville,0,11,0%,17.82
exterior remodeling noblesville in,0,11,0%,18.91
ditra vs cement board,0,11,0%,20.09
bathtub replacement westfield in,0,11,0%,20.64
cost composite decking vs wood,0,11,0%,21.82
exterior remodeling company fishers,0,11,0%,22.64
zionsville tile installation,0,11,0%,24
basement finishing cost calculator,0,11,0%,26.09
home renovation companies westfield,0,11,0%,26.82
noblesville toilet installation,0,11,0%,28.73
basement remodeling estimates indianapolis,0,11,0%,29.55
zionsville home handyman,0,11,0%,29.64
home remodeling indianapolis,0,11,0%,30.09
luxury plumber zionsville,0,11,0%,31.36
homestars roofing,0,11,0%,36.73
finishing a basement cost calculator,0,11,0%,36.82
bathroom remodeling indianapolis,0,11,0%,39.18
basement waterproofing,0,11,0%,41
full home remodel professionals carmel,0,11,0%,46.09
kitchen remodeler fishers in,0,11,0%,49.36
oster services,0,11,0%,50
new home maintenance schererville,0,11,0%,64.82
custom home design in zionsville,0,11,0%,75.91
insured contractor near me,0,11,0%,83
schluter wall board,0,10,0%,2.4
basement refinishers fishers in,0,10,0%,4.9
typical bathroom remodel timeline weeks,0,10,0%,7.4
water damage service cost zionsville in,0,10,0%,7.4
typical timeline for bathroom remodel,0,10,0%,8.6
basement remodel buck creek,0,10,0%,12
storm damage repair zionsville,0,10,0%,12.3
tile installation zionsville,0,10,0%,12.4
composite decking vs wood decking cost,0,10,0%,17.1
spring mill handyman services,0,10,0%,20.3
home repair westfield in,0,10,0%,21.3
price comparison composite decking vs wood,0,10,0%,23.2
home contractor star,0,10,0%,23.6
remodeling company buck creek,0,10,0%,24.4
carmel remodeling,0,10,0%,24.9
whole home remodeling contractor rainy brook,0,10,0%,25
exterior remodeling contractor carmel in,0,10,0%,26.9
concrete contractor noblesville,0,10,0%,27.1
estar contractor,0,10,0%,28.6
concrete contractors noblesville indiana,0,10,0%,29.3
home repair carmel in,0,10,0%,29.3
storm restoration fishers,0,10,0%,30.1
cost to finish a basement calculator,0,10,0%,31.5
house renovation contractor sellersburg,0,10,0%,36
fire restoration adjuster,0,10,0%,36.3
bathtub replacement noblesville in,0,10,0%,36.6
kitchen remodeling carmel indiana,0,10,0%,36.8
bathroom remodeling westfield,0,10,0%,37.3
licensed plumber in zionsville in,0,10,0%,42.6
kitchen remodelers fishers in,0,10,0%,46
kitchen remodels fishers in,0,10,0%,47.7
basement finishing springville,0,10,0%,50.2
home starters,0,10,0%,55.1
handyman zionsville in,0,10,0%,56.5
schererville home repair,0,10,0%,56.7
home stars,0,10,0%,60.7
black star home improvement,0,10,0%,62.3
zionsville siding repair,0,10,0%,67
hardscaping installation noblesville in,0,10,0%,67.3
outdoor living contractor near me,0,10,0%,68.4
granite vs quartz scottsdale,0,10,0%,69
cedar lake basement conversions,0,10,0%,93.5
deck repair,0,9,0%,5.56
whole home remodeling,0,9,0%,10.44
"what is the typical installation timeline for a full bathroom renovation 
with luxury finishes?",0,9,0%,10.67
fire damage repair hamilton in,0,9,0%,12
commercial remodeling westfield,0,9,0%,12.33
house remodeling near me,0,9,0%,12.67
what should i look for in a remodeling contractor?,0,9,0%,15.11
price difference between pressure treated wood and composite,0,9,0%,16
bathroom remodeling company buck creek,0,9,0%,16.22
siding replacement hamilton county indiana,0,9,0%,16.33
kitchen remodel fishers creek,0,9,0%,16.44
bathroom remodeler noblesville,0,9,0%,19.67
water damage insurance claims indiana,0,9,0%,20.44
aluminum railing contractor carmel,0,9,0%,21
composite vs wood deck asheville,0,9,0%,23.11
remodeling contractor buck creek,0,9,0%,25.89
tile steps westfield in,0,9,0%,25.89
bathroom remodel buck creek,0,9,0%,26.11
curb appeal home improvement noblesville,0,9,0%,27
homestar builders,0,9,0%,27.33
finish basement cost estimator,0,9,0%,30.44
shower remodeling riverwood in,0,9,0%,31.44
commercial remodeling fishers,0,9,0%,37.67
storm restoration carmel in,0,9,0%,38.44
residential painting fishers,0,9,0%,41
bathtub replacement fishers in,0,9,0%,42.78
bathroom remodeling sellersburg,0,9,0%,45.89
maxterra vs hardiebacker,0,9,0%,49.78
bathtub installation noblesville in,0,9,0%,52.78
finishing basement riverton,0,9,0%,55.22
handyman zionsville,0,9,0%,57
basement finishing grant park,0,9,0%,57.33
who provides the best home renovations expert in carmel,0,9,0%,63.67
dyer bathroom remodeling,0,9,0%,69.33
garage improvements,0,8,0%,1
schluter,0,8,0%,2.5
basement refinishing fishers in,0,8,0%,4.5
kitchen remodel near me,0,8,0%,6.5
deck builders zionsville,0,8,0%,8.25
basement refinishing contractor westfield in,0,8,0%,8.38
long term cost composite vs wood deck maintenance replacement,0,8,0%,8.88
hamilton county roof insurance claim,0,8,0%,9.12
bathroom remodeler fishers,0,8,0%,9.75
deck services indianapolis,0,8,0%,10
bathroom remodel timeline tacoma,0,8,0%,10.12
deck builder zionsville,0,8,0%,10.5
pressure treated wood vs composite decking cost,0,8,0%,11.25
noblesville remodeling,0,8,0%,11.38
kitchen remodeling near me,0,8,0%,14.62
storm damage repair zionsville indiana,0,8,0%,14.75
wood deck vs composite deck cost,0,8,0%,18.12
"storm damage repair fishers, in",0,8,0%,18.25
whole home renovation contractor rainy brook,0,8,0%,19.75
basement remodeling contractors noblesville in,0,8,0%,20
deck contractor fishers,0,8,0%,20
exterior remodeling westfield,0,8,0%,20.38
cabinet painting fishers,0,8,0%,21
cement board vs ditra,0,8,0%,21.25
bathroom remodel cost indianapolis,0,8,0%,22.75
concrete noblesville,0,8,0%,22.88
high quality contractor noblesville,0,8,0%,23.38
home remodeling buck creek,0,8,0%,24.62
storm damage repair nyona lake in,0,8,0%,24.75
bathroom remodeling hamilton,0,8,0%,25
basement calculator,0,8,0%,25.88
contractor near me noblesville,0,8,0%,25.88
basement contractor,0,8,0%,26.25
commercial remodeling contractor fishers,0,8,0%,26.38
floor repair zionsville in,0,8,0%,26.38
basement remodeler noblesville in,0,8,0%,26.5
interior painting westfield in,0,8,0%,26.75
deck installation fishers,0,8,0%,29.5
contractor,0,8,0%,30
basement remodeling contractors brownsburg in,0,8,0%,30.88
free basement estimate,0,8,0%,31.88
bathroom plumbing & remodel services,0,8,0%,33.38
basement finishing bargersville in,0,8,0%,35.62
storm damage repair trail creek in,0,8,0%,35.88
storm damage repair inwood in,0,8,0%,38.12
exterior basement waterproofing,0,8,0%,41
waterproofing companies,0,8,0%,41
storm damage repair haskells in,0,8,0%,42.75
bathroom renovation contrators brookshire,0,8,0%,42.88
renovation contractor rainy brook,0,8,0%,43.75
centennial westfield,0,8,0%,44.75
bathroom remodeling golf links,0,8,0%,46
shower replacement plumber zionsville,0,8,0%,48.5
transform home improvements,0,8,0%,50.38
zionsville handyman,0,8,0%,51
landscape lighting geist,0,8,0%,56.25
bathroom remodelers hammel,0,8,0%,59.75
home remodelers star,0,8,0%,76
basement finishing evansville in,0,8,0%,76.62
insurance claim remodeling near me,0,8,0%,77.12
basement finishing west lafayette,0,8,0%,80.88
basement finishing oakhurst,0,8,0%,85.75
finishing a basement quad cities,0,8,0%,86.88
cabinet refinishing fishers in,0,7,0%,1
wallpaper installers near me,0,7,0%,1
basement remodeling companies fishers in,0,7,0%,1.29
schluter backer board,0,7,0%,2.43
basement remodeling company fishers in,0,7,0%,2.57
basement remodeling companies fortville in,0,7,0%,3.14
bathroom tiles for shower,0,7,0%,4.71
kitchen designers buck creek,0,7,0%,5.86
home preparation services near me,0,7,0%,6.14
basement refinishing contractors westfield in,0,7,0%,7.86
basement company near me,0,7,0%,8.14
basement finishing buck creek,0,7,0%,8.71
cement board vs schluter for shower,0,7,0%,9.14
bathroom remodel timeline weeks source,0,7,0%,10
homestar company,0,7,0%,10
hardiebacker vs schluter,0,7,0%,10.57
carmel home repair services,0,7,0%,10.71
is kerdi board better than cement board,0,7,0%,11
tile installers near me,0,7,0%,12.86
home repair and remodeling,0,7,0%,13.57
bath remodeling near me,0,7,0%,14.14
painting company fortville,0,7,0%,15
deck building,0,7,0%,15.29
fishers bathroom remodeling,0,7,0%,16
cost of composite vs wood deck,0,7,0%,17.14
kitchen remodeling service,0,7,0%,17.57
bathroom remodeling contractor buck creek,0,7,0%,18.86
local contractor fishers,0,7,0%,20.29
general contracting fishers,0,7,0%,20.57
basement finishing hamilton,0,7,0%,20.86
wood deck cost vs composite,0,7,0%,21.14
homestar remodeling jobs,0,7,0%,23
drywall repair noblesville,0,7,0%,23.86
cost difference between composite and wood deck,0,7,0%,24.43
kitchen remodeling fishers,0,7,0%,24.86
cabinet painting noblesville,0,7,0%,26.71
finishing a basement calculator,0,7,0%,27.71
water damage to kitchen cabinets insurance,0,7,0%,27.86
interior painting contractors westfield,0,7,0%,28
storm restoration zionsville in,0,7,0%,29.14
home star builders,0,7,0%,29.43
custom shower design noblesville in,0,7,0%,29.57
cost to finish basement calculator,0,7,0%,31.43
residential general contractor fishers,0,7,0%,31.57
residential contractor noblesville,0,7,0%,32.57
copperfield bathtub remodeling,0,7,0%,33
home renovation rainy brook,0,7,0%,34.14
home remodeling sellersburg,0,7,0%,36.71
basement remodel brownsburg in,0,7,0%,38.43
basement renovation cost calculator,0,7,0%,40.14
siding contractor zionsville,0,7,0%,40.14
kitchen remodeler in hamilton,0,7,0%,40.71
basement exterior waterproofing near me,0,7,0%,41
drywall repair near me,0,7,0%,41
painters near me westfield,0,7,0%,41
insurance restoration near me,0,7,0%,43.86
hardscape noblesville,0,7,0%,48.14
carmel-by-the-sea custom bathroom remodel,0,7,0%,52.29
home maintenance fishers,0,7,0%,53.86
home renovation clarksville in,0,7,0%,54.86
plumbing remodeling hamilton county fl,0,7,0%,55
st. john bathroom remodeling,0,7,0%,59
servestar plumbing,0,7,0%,65.71
concrete patios in noble county,0,7,0%,72.71
basement finishing riverton,0,7,0%,74.71
siding contractors in fisher in,0,7,0%,78.57
coalville basement finishing,0,7,0%,82
how much does finishing a basement add to home value,0,7,0%,88.29
tile contractor near me,0,6,0%,2.17
storm damage restoration hamilton county,0,6,0%,2.5
custom deck westfield in,0,6,0%,2.67
basement refinishing contractor fishers in,0,6,0%,3.17
kitchen contractor near me,0,6,0%,3.33
schluter shower pan,0,6,0%,3.67
bathroom tile,0,6,0%,4.67
bath remodelers near me,0,6,0%,7.5
local home remodeler,0,6,0%,8.17
home improvement financing noblesville,0,6,0%,10.5
basement remodeling buck creek,0,6,0%,11.33
kitchen remodeling company buck creek,0,6,0%,11.83
laundry room cabinets fishers,0,6,0%,13.17
restoration companies westfield,0,6,0%,13.67
schluter vs tile redi for contractors,0,6,0%,13.83
exterior painting noblesville indiana,0,6,0%,14.67
basement remodeler,0,6,0%,15.33
indiana homeowners looking for painting services 2026,0,6,0%,16.17
fire damage restoration noblesville,0,6,0%,16.83
basement bathroom cost calculator,0,6,0%,17.5
composite decking vs wood price,0,6,0%,18
fortville handyman,0,6,0%,18.33
home remodeling carmel,0,6,0%,18.33
patio repair fishers in,0,6,0%,19
westfield handyman,0,6,0%,19
home remodeler buck creek,0,6,0%,19.67
is composite cheaper than wood,0,6,0%,22.33
licensed contractor fishers,0,6,0%,22.5
whole home remodeling company wildcat creek,0,6,0%,23.17
interior painting contractor westfield in,0,6,0%,23.67
noblesville indiana contractor,0,6,0%,23.83
concrete contractor noblesville in,0,6,0%,24.5
drywall installation near me,0,6,0%,26
basement remodeling carmel in,0,6,0%,26.17
copperfield bathroom renovation,0,6,0%,28.33
"siding service mccordsville, in",0,6,0%,28.33
basement costs calculator,0,6,0%,29
kitchen remodeling buck creek,0,6,0%,29
interior painters westfield,0,6,0%,31
basement contractors,0,6,0%,31.67
homestars inc,0,6,0%,32.33
bathroom renovations hamilton,0,6,0%,32.67
how hard is it to tile a bathroom,0,6,0%,33
"siding company mccordsville, in",0,6,0%,33.17
deck contractor near me fishers,0,6,0%,33.33
shower tile installers indianapolis,0,6,0%,33.67
home starter,0,6,0%,34
basement remodel cost calculator,0,6,0%,34.17
general contractor in fishers,0,6,0%,34.33
home remodeling rainy brook,0,6,0%,34.67
bathroom remodeling riverwood in,0,6,0%,35.5
zionsville toilet installation,0,6,0%,36.17
tile installation carmel,0,6,0%,36.33
storm damage repair marcellus in,0,6,0%,38.33
home renovations rainy brook,0,6,0%,38.67
deck contractor near me zionsville,0,6,0%,38.83
home remodel carmel valley,0,6,0%,39.5
shepherdsville bathroom remodeling cost,0,6,0%,40.83
cabinet painting near me,0,6,0%,41
exterior painters fishers,0,6,0%,41
interior basement waterproofing,0,6,0%,41
wood staining near me,0,6,0%,41
basement remodeling wildcat creek,0,6,0%,41.17
bathroom remodeling veedersburg in,0,6,0%,44.83
homesite services,0,6,0%,44.83
munster home repair services,0,6,0%,46.17
deck builder near me fishers,0,6,0%,48.67
stair refinishing contractors hamilton,0,6,0%,48.67
home warranty companies fishers in,0,6,0%,51.5
home remodeling wildcat creek,0,6,0%,54.33
stamped concrete noble county,0,6,0%,56
whole home renovation contractor near me,0,6,0%,60.83
home remodeling company wildcat creek,0,6,0%,63.83
pick the right contractor,0,6,0%,66
kitchen remodeler fishers island,0,6,0%,66.17
house renovation contractor lanesville,0,6,0%,70
springfield basement finishing,0,6,0%,73.67
custom paver patio services bentonville battlefield state historic site,0,6,0%,84.67
does finishing a basement add value,0,6,0%,91
basement remodeling,0,5,0%,1
bathroom renovation,0,5,0%,1
home renovation,0,5,0%,1
wallpaper installation,0,5,0%,1
kitchen renovation company,0,5,0%,3.6
"how long does a bathroom remodel take?. my location is indianapolis, 
indiana, united states, usa.",0,5,0%,4
schluter shower systems,0,5,0%,4
"outdoor living spaces westfield, in",0,5,0%,5.4
"who covers damage caused by faulty installation under guarantee in butler 
or hamilton counties?",0,5,0%,6.2
home repair contractors,0,5,0%,7
basement remodeling contractors westfield in,0,5,0%,7.6
basement finishing contractor services hamilton,0,5,0%,8
concrete stamping near me,0,5,0%,8.4
contractors near me,0,5,0%,8.6
remodeling contractors near me,0,5,0%,8.6
how much is a bathroom remodel,0,5,0%,10.6
insurance repair contractors,0,5,0%,10.6
hamilton county flooring,0,5,0%,10.8
family owned contractor noblesville,0,5,0%,11.2
kitchen westfield in,0,5,0%,12.2
deck installation zionsville,0,5,0%,12.6
basement contractor near me,0,5,0%,12.8
basement remodeling company buck creek,0,5,0%,13
basement remodelers westfield in,0,5,0%,13.2
building restoration service near me,0,5,0%,13.2
mccordsville handyman,0,5,0%,13.4
home remodeling company buck creek,0,5,0%,13.6
basement remodeling company university farm,0,5,0%,14.2
interior painting company westfield in,0,5,0%,14.4
basement remodeling company noblesville in,0,5,0%,18
bathroom remodeling company university farm,0,5,0%,19.8
bathroom renovations fishers in,0,5,0%,20
renovation contractor buck creek,0,5,0%,20
bathroom remodeling zionsville,0,5,0%,20.2
carmel remodel,0,5,0%,20.8
pendleton home services,0,5,0%,21.6
concrete contractor fishers indiana,0,5,0%,21.8
deck contractor hamilton,0,5,0%,22.2
homestar builders inc,0,5,0%,22.2
homestar design remodel,0,5,0%,22.8
basement finishing cedar crest,0,5,0%,23.4
leaky basement repair near me,0,5,0%,25
restoration services westfield,0,5,0%,25.2
kitchen remodeling hamilton,0,5,0%,25.8
design home renovations rainy brook,0,5,0%,26
kitchen remodeling sellersburg,0,5,0%,26.6
cost of a bathroom remodel,0,5,0%,28
deck contractor near me,0,5,0%,28.4
waterproof basement companies near me,0,5,0%,29
plumber mccordsville in,0,5,0%,29.2
storm damage repair dutton in,0,5,0%,29.6
interior painting fishers,0,5,0%,30.4
how much more expensive is composite decking than wood,0,5,0%,32
"siding services mccordsville, in",0,5,0%,32.6
bathtub replacement noblesville,0,5,0%,33
leaky basement repair,0,5,0%,33
redgard vs schluter,0,5,0%,34.8
texture removal fortville,0,5,0%,35.2
bathroom remodel timeline charlotte,0,5,0%,35.4
storm damage repair indiana beach in,0,5,0%,35.4
kitchen remodeling goshen in,0,5,0%,37.8
trusted home improvement company noblesville,0,5,0%,40.2
bathroom remodel contractors near me,0,5,0%,40.4
home addition contractors westfield,0,5,0%,40.8
ceiling repair near me,0,5,0%,41
drywall repair fishers,0,5,0%,41
affordable home remodeling services in central indiana,0,5,0%,41.4
handyman westfield in,0,5,0%,42.2
aluminum deck systems fishers,0,5,0%,43.2
mechanical contractor fishers,0,5,0%,49.4
cost to finish a basement calculator utah,0,5,0%,51.8
house renovation contractor henryville,0,5,0%,52.2
centennial remodeling services,0,5,0%,55.8
basement finishing services near me,0,5,0%,57.8
deck contractor near me carmel,0,5,0%,57.8
home remodeling contractors brookshire,0,5,0%,57.8
basement remodeling mercer island,0,5,0%,62.2
riverton basement finishing,0,5,0%,65.4
bathroom remodel harmony hills,0,5,0%,66
tornado damage repair near me,0,5,0%,80.8
storm damage restoration near me,0,5,0%,83.8
identifying outdated bathrooms,0,5,0%,85.6
does finishing a basement increase home value,0,5,0%,91.8
how much does a kitchen remodel cost in indianapolis,0,5,0%,95.2
bathroom remodeling contractor noblesville,0,4,0%,1